{
    "font": "Lucida Grande",
    "font_size": 12,
    "font_size_small": 10,
    "gui_color": [255, 255, 255, 255],
    "disabled_color": [160, 160, 160, 255],
    "text_color": [255, 255, 255, 255],
    "highlight_color": [255, 0, 0, 64],
    "focus_color": [255, 255, 255, 64],
    "button": {
        "down": {
            "highlight": {
                "image": {
                    "source": "button-highlight.png",
                    "frame": [8, 6, 2, 2],
                    "padding": [18, 18, 8, 6]
                }
            },
            "focus": {
                "image": {
                    "source": "button-highlight.png",
                    "frame": [8, 6, 2, 2],
                    "padding": [18, 18, 8, 6]
                }
            },
            "image": {
                "source": "button-down.png",
                "frame": [6, 6, 3, 3],
                "padding": [12, 12, 4, 2]
            },
            "text_color": [0, 0, 0, 255]
        },
        "up": {
            "highlight": {
                "image": {
                    "source": "button-highlight.png",
                    "frame": [8, 6, 2, 2],
                    "padding": [18, 18, 8, 6]
                }
            },
            "focus": {
                "image": {
                    "source": "button-highlight.png",
                    "frame": [8, 6, 2, 2],
                    "padding": [18, 18, 8, 6]
                }
            },
            "image": {
                "source": "button.png",
                "frame": [6, 6, 3, 3],
                "padding": [12, 12, 4, 2]
            }
        }
    },
    "checkbox": {
        "checked": {
            "highlight": {
                "image": {
                    "source": "input-highlight.png"
                }
            },
            "image": {
                "source": "checkbox-checked.png"
            }
        },
        "unchecked": {
            "highlight": {
                "image": {
                    "source": "input-highlight.png"
                }
            },
            "image": {
                "source": "checkbox.png"
            }
        }
    },
    "vscrollbar": {
        "knob": {
            "image": {
                "source": "vscrollbar.png",
                "region": [0, 16, 16, 16],
                "frame": [0, 6, 16, 4],
                "padding": [0, 0, 0, 0]
            },
            "offset": [0, 0]
        },
        "bar": {
            "image": {
                "source": "vscrollbar.png",
                "region": [0, 64, 16, 16]
            },
            "padding": [0, 0, 0, 0]
        }
    },
    "hscrollbar": {
        "bar": {
            "image": {
                "source": "hscrollbar.png",
                "region": [16, 0, 16, 16]
            },
            "padding": [0, 0, 0, 0]
        },
        "knob": {
            "image": {
                "source": "hscrollbar.png",
                "region": [64, 0, 16, 16],
                "frame": [6, 0, 4, 16],
                "padding": [0, 0, 0, 0]
            },
            "offset": [0, 0]
        }
    },
    "dropdown": {
        "pulldown": {
            "image": {
                "source": "pulldown.png",
                "frame": [3, 3, 10, 10],
                "padding": [4, 4, 4, 4]
            }
        },
        "image": {
            "source": "dropdown.png",
            "frame": [4, 8, 20, 5],
            "padding": [6, 10, 6, 10]
        }
    },
    "frame": {
        "image": {
            "source": "panel.png",
            "frame": [8, 8, 16, 16],
            "padding": [16, 16, 8, 8]
        }
    },
    "section": {
        "right": {
            "image": {
                "source": "line.png",
                "region": [2, 0, 6, 4],
                "frame": [0, 4, 4, 0],
                "padding": [0, 0, 0, 6]
            }
        },
        "font_size": 14,
        "opened": {
            "image": {
                "source": "book-open.png"
            }
        },
        "closed": {
            "image": {
                "source": "book.png"
            }
        },
        "left": {
            "image": {
                "source": "line.png",
                "region": [0, 0, 6, 4],
                "frame": [2, 4, 4, 0],
                "padding": [0, 0, 0, 6]
            }
        },
        "center": {
            "image": {
                "source": "line.png",
                "region": [2, 0, 4, 4],
                "frame": [0, 4, 4, 0],
                "padding": [0, 0, 0, 6]
            }
        }
    },
    "input": {
        "highlight": {
            "image": {
                "source": "input-highlight.png"
            }
        },
        "focus": {
            "image": {
                "source": "input-highlight.png"
            }
        },
        "focus_color": [255, 0, 0, 64],
        "image": {
            "source": "input.png",
            "frame": [3, 3, 2, 2],
            "padding": [3, 3, 2, 3]
        }
    },
    "titlebar": {
        "frame": {
            "image": {
                "source": "titlepanel.png",
                "region": [0, 0, 128, 32],
                "frame": [16, 16, 96, 16],
                "padding": [16, 16, 0, 16]
            }
        },
        "right": {
            "image": {
                "source": "titlepanel.png",
                "region": [100, 32, 28, 48],
                "frame": [0, 16, 0, 20],
                "padding": [0, 0, 0, 0]
            }
        },
        "font_size": 18,
        "center": {
            "image": {
                "source": "titlepanel.png",
                "region": [28, 32, 72, 48],
                "frame": [24, 24, 16, 16],
                "padding": [24, 24, 16, 24]
            }
        },
        "left": {
            "image": {
                "source": "titlepanel.png",
                "region": [0, 32, 28, 48],
                "frame": [16, 16, 12, 32],
                "padding": [0, 0, 0, 0]
            }
        }
    },
    "slider": {
        "knob": {
            "image": {
                "source": "slider-knob.png"
            },
            "offset": [-5, -11]
        },
        "padding": [8, 8, 8, 8],
        "step": {
            "image": {
                "source": "slider-step.png"
            },
            "offset": [-2, -8]
        },
        "bar": {
            "image": {
                "source": "slider-bar.png",
                "frame": [8, 8, 8, 0],
                "padding": [8, 8, 8, 8]
            }
        }
    }
}
